Model_Type,Num_Features,Features_Used,Pickle_File,Val_Accuracy,Val_F1,Val_Precision,Val_Recall,Test_Accuracy,Test_F1,Test_Precision,Test_Recall
Simple_LR_No_Weights,4,dependency_tree_depth | verb_gap_deviation | subject_verb_distance | function_word_adjacency,lr_models/lr_dtd_fwa_svd_vgd_0e142281.pkl,0.6818,0.666527,0.700132,0.636,0.795547,0.78617,0.872165,0.715611
Simple_LR_No_Weights,6,burstiness | sentence_length_deviation | dependency_tree_depth | verb_gap_deviation | subject_verb_distance | function_word_adjacency,lr_models/lr_bur_dtd_fwa_sld_svd_vgd_e0b7df86.pkl,0.6816,0.654063,0.715985,0.602,0.844363,0.847965,0.870698,0.826389
Simple_LR_No_Weights,5,sentence_length_deviation | dependency_tree_depth | verb_gap_deviation | subject_verb_distance | function_word_adjacency,lr_models/lr_dtd_fwa_sld_svd_vgd_fda071a1.pkl,0.68,0.652174,0.714286,0.6,0.846026,0.849405,0.873306,0.826778
Simple_LR_No_Weights,4,verb_gap_deviation | lexical_density | subject_verb_distance | function_word_adjacency,lr_models/lr_fwa_lex_svd_vgd_12334f8f.pkl,0.6672,0.652174,0.683012,0.624,0.760125,0.733439,0.880773,0.628333
Simple_LR_No_Weights,5,burstiness | sentence_length_deviation | verb_gap_deviation | subject_verb_distance | function_word_adjacency,lr_models/lr_bur_fwa_sld_svd_vgd_c5145a85.pkl,0.6734,0.650246,0.699862,0.6072,0.810487,0.80892,0.859734,0.763778
Simple_LR_No_Weights,4,sentence_length_deviation | verb_gap_deviation | subject_verb_distance | function_word_adjacency,lr_models/lr_fwa_sld_svd_vgd_ed15f806.pkl,0.6712,0.648116,0.697053,0.6056,0.811537,0.810046,0.860589,0.765111
Simple_LR_No_Weights,6,burstiness | sentence_length_deviation | clause_density | verb_gap_deviation | subject_verb_distance | function_word_adjacency,lr_models/lr_bur_cld_fwa_sld_svd_vgd_d47bbd77.pkl,0.6712,0.647362,0.697965,0.6036,0.80859,0.806158,0.861066,0.757833
Simple_LR_No_Weights,5,dependency_tree_depth | verb_gap_deviation | lexical_density | subject_verb_distance | function_word_adjacency,lr_models/lr_dtd_fwa_lex_svd_vgd_f58b96f2.pkl,0.6678,0.646521,0.690769,0.6076,0.76774,0.753071,0.852627,0.674333
Simple_LR_No_Weights,5,sentence_length_deviation | clause_density | verb_gap_deviation | subject_verb_distance | function_word_adjacency,lr_models/lr_cld_fwa_sld_svd_vgd_ad957358.pkl,0.6688,0.645244,0.694649,0.6024,0.809932,0.807551,0.86238,0.759278
Simple_LR_No_Weights,5,burstiness | dependency_tree_depth | verb_gap_deviation | subject_verb_distance | function_word_adjacency,lr_models/lr_bur_dtd_fwa_svd_vgd_b5827d23.pkl,0.66,0.635818,0.684502,0.5936,0.833975,0.834275,0.876821,0.795667
Simple_LR_No_Weights,5,burstiness | sentence_length_deviation | dependency_tree_depth | verb_gap_deviation | function_word_adjacency,lr_models/lr_bur_dtd_fwa_sld_vgd_f1266f5e.pkl,0.6622,0.630658,0.69561,0.5768,0.851132,0.856886,0.865382,0.848556
Simple_LR_No_Weights,6,sentence_length_deviation | dependency_tree_depth | clause_density | verb_gap_deviation | subject_verb_distance | function_word_adjacency,lr_models/lr_cld_dtd_fwa_sld_svd_vgd_c67590a3.pkl,0.6642,0.629768,0.70172,0.5712,0.83453,0.831496,0.893772,0.777333
Simple_LR_No_Weights,4,sentence_length_deviation | dependency_tree_depth | verb_gap_deviation | function_word_adjacency,lr_models/lr_dtd_fwa_sld_vgd_3d371a58.pkl,0.6608,0.628722,0.694391,0.5744,0.851949,0.857632,0.866383,0.849056
Simple_LR_No_Weights,7,burstiness | sentence_length_deviation | dependency_tree_depth | clause_density | verb_gap_deviation | subject_verb_distance | function_word_adjacency,lr_models/lr_bur_cld_dtd_fwa_sld_svd_vgd_16c6a0d3.pkl,0.6626,0.628168,0.699558,0.57,0.834121,0.83096,0.893929,0.776278
Simple_LR_No_Weights,7,burstiness | sentence_length_deviation | dependency_tree_depth | verb_gap_deviation | lexical_density | subject_verb_distance | function_word_adjacency,lr_models/lr_bur_dtd_fwa_lex_sld_svd_vgd_5c4c0954.pkl,0.6616,0.62616,0.699408,0.5668,0.818482,0.821415,0.849837,0.794833
Simple_LR_No_Weights,4,burstiness | verb_gap_deviation | subject_verb_distance | function_word_adjacency,lr_models/lr_bur_fwa_svd_vgd_a5cbdb80.pkl,0.645,0.625922,0.66147,0.594,0.809086,0.802069,0.880454,0.7365
Simple_LR_No_Weights,4,burstiness | sentence_length_deviation | verb_gap_deviation | function_word_adjacency,lr_models/lr_bur_fwa_sld_vgd_52563313.pkl,0.6536,0.62527,0.680961,0.578,0.819299,0.820872,0.856212,0.788333
Simple_LR_No_Weights,7,burstiness | sentence_length_deviation | clause_density | verb_gap_deviation | lexical_density | subject_verb_distance | function_word_adjacency,lr_models/lr_bur_cld_fwa_lex_sld_svd_vgd_0bddf04f.pkl,0.6564,0.625218,0.68762,0.5732,0.79263,0.789765,0.844606,0.741611
Simple_LR_No_Weights,6,burstiness | sentence_length_deviation | verb_gap_deviation | lexical_density | subject_verb_distance | function_word_adjacency,lr_models/lr_bur_fwa_lex_sld_svd_vgd_a4d9f3fe.pkl,0.6556,0.624346,0.68666,0.5724,0.792338,0.789319,0.844813,0.740667
Simple_LR_No_Weights,6,sentence_length_deviation | dependency_tree_depth | verb_gap_deviation | lexical_density | subject_verb_distance | function_word_adjacency,lr_models/lr_dtd_fwa_lex_sld_svd_vgd_58f23e13.pkl,0.6598,0.624254,0.697089,0.5652,0.820203,0.823012,0.851986,0.795944
Simple_LR_No_Weights,5,sentence_length_deviation | verb_gap_deviation | lexical_density | subject_verb_distance | function_word_adjacency,lr_models/lr_fwa_lex_sld_svd_vgd_2255eda8.pkl,0.6526,0.620494,0.683678,0.568,0.794468,0.79119,0.848163,0.741389
Simple_LR_No_Weights,5,burstiness | sentence_length_deviation | clause_density | subject_verb_distance | function_word_adjacency,lr_models/lr_bur_cld_fwa_sld_svd_08ab91ba.pkl,0.6522,0.620057,0.683197,0.5676,0.800333,0.79083,0.879103,0.718667
Simple_LR_No_Weights,6,sentence_length_deviation | clause_density | verb_gap_deviation | lexical_density | subject_verb_distance | function_word_adjacency,lr_models/lr_cld_fwa_lex_sld_svd_vgd_e26652b7.pkl,0.6522,0.620057,0.683197,0.5676,0.794439,0.791191,0.848021,0.7415
Simple_LR_No_Weights,5,burstiness | sentence_length_deviation | clause_density | verb_gap_deviation | function_word_adjacency,lr_models/lr_bur_cld_fwa_sld_vgd_2b9737fe.pkl,0.6494,0.619822,0.67693,0.5716,0.815914,0.816305,0.857632,0.778778
Simple_LR_No_Weights,4,burstiness | sentence_length_deviation | subject_verb_distance | function_word_adjacency,lr_models/lr_bur_fwa_sld_svd_1072e8f1.pkl,0.6506,0.618476,0.681097,0.5664,0.798553,0.788208,0.880052,0.713722
Simple_LR_No_Weights,4,sentence_length_deviation | clause_density | subject_verb_distance | function_word_adjacency,lr_models/lr_cld_fwa_sld_svd_72185379.pkl,0.6494,0.618332,0.678452,0.568,0.80112,0.792119,0.878144,0.721444
Simple_LR_No_Weights,4,sentence_length_deviation | clause_density | verb_gap_deviation | function_word_adjacency,lr_models/lr_cld_fwa_sld_vgd_e712c38d.pkl,0.6464,0.615986,0.673954,0.5672,0.817489,0.817814,0.859548,0.779944
Simple_LR_No_Weights,5,burstiness | sentence_length_deviation | dependency_tree_depth | subject_verb_distance | function_word_adjacency,lr_models/lr_bur_dtd_fwa_sld_svd_69c9310c.pkl,0.6498,0.614572,0.683309,0.5584,0.826476,0.819913,0.901152,0.752111
Simple_LR_No_Weights,4,sentence_length_deviation | dependency_tree_depth | subject_verb_distance | function_word_adjacency,lr_models/lr_dtd_fwa_sld_svd_9eef4581.pkl,0.6488,0.612533,0.683071,0.5552,0.827614,0.82123,0.901781,0.753889
Simple_LR_No_Weights,5,burstiness | clause_density | verb_gap_deviation | subject_verb_distance | function_word_adjacency,lr_models/lr_bur_cld_fwa_svd_vgd_876545e0.pkl,0.6352,0.609589,0.655617,0.5696,0.792805,0.778087,0.889278,0.691611
Simple_LR_No_Weights,4,burstiness | sentence_length_deviation | dependency_tree_depth | verb_gap_deviation,lr_models/lr_bur_dtd_sld_vgd_b6007066.pkl,0.6502,0.609511,0.689742,0.546,0.750146,0.775691,0.733879,0.822556
Simple_LR_No_Weights,6,burstiness | dependency_tree_depth | verb_gap_deviation | lexical_density | subject_verb_distance | function_word_adjacency,lr_models/lr_bur_dtd_fwa_lex_svd_vgd_0a016400.pkl,0.6398,0.607711,0.667145,0.558,0.812237,0.811041,0.860168,0.767222
Simple_LR_No_Weights,5,burstiness | verb_gap_deviation | lexical_density | subject_verb_distance | function_word_adjacency,lr_models/lr_bur_fwa_lex_svd_vgd_6510825f.pkl,0.633,0.607487,0.652874,0.568,0.79333,0.784022,0.868942,0.714222
Simple_LR_No_Weights,6,burstiness | sentence_length_deviation | clause_density | lexical_density | subject_verb_distance | function_word_adjacency,lr_models/lr_bur_cld_fwa_lex_sld_svd_5df6b15a.pkl,0.6438,0.607103,0.676832,0.5504,0.78551,0.773599,0.867994,0.697722
Simple_LR_No_Weights,5,sentence_length_deviation | clause_density | lexical_density | subject_verb_distance | function_word_adjacency,lr_models/lr_cld_fwa_lex_sld_svd_c3e1779c.pkl,0.6422,0.606034,0.674179,0.5504,0.788136,0.776701,0.869877,0.701556
Simple_LR_No_Weights,6,burstiness | sentence_length_deviation | dependency_tree_depth | clause_density | verb_gap_deviation | subject_verb_distance,lr_models/lr_bur_cld_dtd_sld_svd_vgd_38429f27.pkl,0.6496,0.605228,0.692982,0.5372,0.762313,0.756501,0.818817,0.703
Simple_LR_No_Weights,8,burstiness | sentence_length_deviation | dependency_tree_depth | clause_density | verb_gap_deviation | lexical_density | subject_verb_distance | function_word_adjacency,lr_models/lr_bur_cld_dtd_fwa_lex_sld_svd_vgd_e957e729.pkl,0.6476,0.604933,0.688265,0.5396,0.812208,0.808327,0.871164,0.753944
Simple_LR_No_Weights,5,burstiness | sentence_length_deviation | lexical_density | subject_verb_distance | function_word_adjacency,lr_models/lr_bur_fwa_lex_sld_svd_45deb0f7.pkl,0.64,0.602824,0.672244,0.5464,0.780929,0.765989,0.872479,0.682667
Simple_LR_No_Weights,5,sentence_length_deviation | dependency_tree_depth | clause_density | verb_gap_deviation | subject_verb_distance,lr_models/lr_cld_dtd_sld_svd_vgd_5c41ba22.pkl,0.647,0.602388,0.689531,0.5348,0.763276,0.757089,0.821027,0.702389
Simple_LR_No_Weights,4,sentence_length_deviation | lexical_density | subject_verb_distance | function_word_adjacency,lr_models/lr_fwa_lex_sld_svd_c65383bd.pkl,0.639,0.60216,0.670594,0.5464,0.78195,0.767377,0.872637,0.684778
Simple_LR_No_Weights,6,burstiness | sentence_length_deviation | dependency_tree_depth | verb_gap_deviation | lexical_density | function_word_adjacency,lr_models/lr_bur_dtd_fwa_lex_sld_vgd_e606e88b.pkl,0.643,0.602007,0.680101,0.54,0.828373,0.834515,0.84536,0.823944
Simple_LR_No_Weights,5,sentence_length_deviation | dependency_tree_depth | verb_gap_deviation | lexical_density | function_word_adjacency,lr_models/lr_dtd_fwa_lex_sld_vgd_d20b0b67.pkl,0.6424,0.601959,0.678715,0.5408,0.830678,0.836816,0.847275,0.826611
Simple_LR_No_Weights,5,dependency_tree_depth | clause_density | verb_gap_deviation | subject_verb_distance | function_word_adjacency,lr_models/lr_cld_dtd_fwa_svd_vgd_73bb8c30.pkl,0.6424,0.601427,0.679255,0.5396,0.750613,0.704369,0.933187,0.565667
Simple_LR_No_Weights,6,burstiness | sentence_length_deviation | dependency_tree_depth | clause_density | verb_gap_deviation | function_word_adjacency,lr_models/lr_bur_cld_dtd_fwa_sld_vgd_9a33312e.pkl,0.6418,0.601025,0.67823,0.5396,0.842495,0.842348,0.887993,0.801167
Simple_LR_No_Weights,5,sentence_length_deviation | dependency_tree_depth | clause_density | verb_gap_deviation | function_word_adjacency,lr_models/lr_cld_dtd_fwa_sld_vgd_5b999121.pkl,0.641,0.600134,0.677225,0.5388,0.8434,0.843304,0.888684,0.802333
Simple_LR_No_Weights,7,sentence_length_deviation | dependency_tree_depth | clause_density | verb_gap_deviation | lexical_density | subject_verb_distance | function_word_adjacency,lr_models/lr_cld_dtd_fwa_lex_sld_svd_vgd_5b064455.pkl,0.6436,0.59991,0.683726,0.5344,0.813463,0.809568,0.872712,0.754944
Simple_LR_No_Weights,6,burstiness | sentence_length_deviation | dependency_tree_depth | clause_density | subject_verb_distance | function_word_adjacency,lr_models/lr_bur_cld_dtd_fwa_sld_svd_175af26e.pkl,0.64,0.599466,0.675527,0.5388,0.811858,0.799128,0.909645,0.712556
Simple_LR_No_Weights,6,burstiness | sentence_length_deviation | clause_density | verb_gap_deviation | lexical_density | function_word_adjacency,lr_models/lr_bur_cld_fwa_lex_sld_vgd_d7027f3a.pkl,0.636,0.598588,0.667158,0.5428,0.801616,0.801969,0.842895,0.764833
Simple_LR_No_Weights,5,burstiness | sentence_length_deviation | verb_gap_deviation | lexical_density | function_word_adjacency,lr_models/lr_bur_fwa_lex_sld_vgd_d8113828.pkl,0.6362,0.598543,0.667651,0.5424,0.802463,0.803255,0.842169,0.767778
Simple_LR_No_Weights,5,sentence_length_deviation | dependency_tree_depth | clause_density | subject_verb_distance | function_word_adjacency,lr_models/lr_cld_dtd_fwa_sld_svd_e1591cc3.pkl,0.6372,0.596889,0.6715,0.5372,0.813755,0.801258,0.911454,0.714833
Simple_LR_No_Weights,6,burstiness | clause_density | verb_gap_deviation | lexical_density | subject_verb_distance | function_word_adjacency,lr_models/lr_bur_cld_fwa_lex_svd_vgd_63629cd0.pkl,0.6246,0.596431,0.644816,0.5548,0.783643,0.767693,0.880236,0.680667
Simple_LR_No_Weights,6,burstiness | dependency_tree_depth | clause_density | verb_gap_deviation | subject_verb_distance | function_word_adjacency,lr_models/lr_bur_cld_dtd_fwa_svd_vgd_4fbcf03f.pkl,0.6356,0.594751,0.66984,0.5348,0.812471,0.797224,0.922526,0.701889
Simple_LR_No_Weights,4,dependency_tree_depth | verb_gap_deviation | lexical_density | function_word_adjacency,lr_models/lr_dtd_fwa_lex_vgd_ce153900.pkl,0.6306,0.594155,0.659191,0.5408,0.831203,0.832654,0.86861,0.799556
Simple_LR_No_Weights,5,sentence_length_deviation | clause_density | verb_gap_deviation | lexical_density | function_word_adjacency,lr_models/lr_cld_fwa_lex_sld_vgd_f21e1143.pkl,0.633,0.593217,0.665341,0.5352,0.803805,0.804228,0.844916,0.767278
Simple_LR_No_Weights,4,sentence_length_deviation | verb_gap_deviation | lexical_density | function_word_adjacency,lr_models/lr_fwa_lex_sld_vgd_c25cf380.pkl,0.6328,0.592724,0.665339,0.5344,0.804797,0.805512,0.844859,0.769667
Simple_LR_No_Weights,4,burstiness | dependency_tree_depth | verb_gap_deviation | function_word_adjacency,lr_models/lr_bur_dtd_fwa_vgd_088a8ede.pkl,0.6242,0.591965,0.647506,0.5452,0.848856,0.85315,0.871078,0.835944
Simple_LR_No_Weights,4,burstiness | dependency_tree_depth | subject_verb_distance | function_word_adjacency,lr_models/lr_bur_dtd_fwa_svd_5d310722.pkl,0.6254,0.591316,0.650504,0.542,0.796539,0.776614,0.917215,0.673389
Simple_LR_No_Weights,4,burstiness | lexical_density | subject_verb_distance | function_word_adjacency,lr_models/lr_bur_fwa_lex_svd_bc339a67.pkl,0.616,0.584055,0.637051,0.5392,0.767157,0.737448,0.904228,0.622611
Simple_LR_No_Weights,4,burstiness | clause_density | subject_verb_distance | function_word_adjacency,lr_models/lr_bur_cld_fwa_svd_9be28cd4.pkl,0.6112,0.581034,0.629907,0.5392,0.765465,0.731422,0.917589,0.608056
Simple_LR_No_Weights,6,burstiness | sentence_length_deviation | dependency_tree_depth | lexical_density | subject_verb_distance | function_word_adjacency,lr_models/lr_bur_dtd_fwa_lex_sld_svd_49daabc7.pkl,0.6274,0.580689,0.663922,0.516,0.798086,0.784665,0.891907,0.700444
Simple_LR_No_Weights,5,sentence_length_deviation | dependency_tree_depth | lexical_density | subject_verb_distance | function_word_adjacency,lr_models/lr_dtd_fwa_lex_sld_svd_fc9a56b6.pkl,0.6274,0.580122,0.66443,0.5148,0.799311,0.786344,0.89184,0.703167
Simple_LR_No_Weights,4,burstiness | sentence_length_deviation | clause_density | function_word_adjacency,lr_models/lr_bur_cld_fwa_sld_f7dbac39.pkl,0.6192,0.579134,0.647233,0.524,0.815068,0.809761,0.880713,0.749389
Simple_LR_No_Weights,7,burstiness | sentence_length_deviation | dependency_tree_depth | clause_density | verb_gap_deviation | lexical_density | function_word_adjacency,lr_models/lr_bur_cld_dtd_fwa_lex_sld_vgd_b20511a0.pkl,0.6278,0.578864,0.666493,0.5116,0.823792,0.823447,0.869053,0.782389
Simple_LR_No_Weights,7,burstiness | sentence_length_deviation | dependency_tree_depth | verb_gap_deviation | stopword_gradient | subject_verb_distance | function_word_adjacency,lr_models/lr_bur_dtd_fwa_sld_swg_svd_vgd_5661e5ba.pkl,0.6318,0.578236,0.676676,0.5048,0.83593,0.839044,0.865427,0.814222
Simple_LR_No_Weights,6,sentence_length_deviation | dependency_tree_depth | verb_gap_deviation | stopword_gradient | subject_verb_distance | function_word_adjacency,lr_models/lr_dtd_fwa_sld_swg_svd_vgd_9eafa60e.pkl,0.632,0.5774,0.677994,0.5028,0.837447,0.840669,0.866313,0.8165
Simple_LR_No_Weights,6,sentence_length_deviation | dependency_tree_depth | clause_density | verb_gap_deviation | lexical_density | function_word_adjacency,lr_models/lr_cld_dtd_fwa_lex_sld_vgd_086e33d9.pkl,0.626,0.577114,0.663892,0.5104,0.824959,0.824739,0.869739,0.784167
Simple_LR_No_Weights,5,burstiness | sentence_length_deviation | dependency_tree_depth | clause_density | verb_gap_deviation,lr_models/lr_bur_cld_dtd_sld_vgd_cfa1d65a.pkl,0.6292,0.576906,0.671626,0.5056,0.788428,0.788224,0.830962,0.749667
Simple_LR_No_Weights,5,burstiness | clause_density | lexical_density | subject_verb_distance | function_word_adjacency,lr_models/lr_bur_cld_fwa_lex_svd_deaa5d26.pkl,0.6102,0.576764,0.630879,0.5312,0.758345,0.721595,0.913602,0.596278
Simple_LR_No_Weights,4,sentence_length_deviation | dependency_tree_depth | clause_density | verb_gap_deviation,lr_models/lr_cld_dtd_sld_vgd_c0eb8370.pkl,0.6284,0.575023,0.671474,0.5028,0.789332,0.789123,0.831937,0.7505
Simple_LR_No_Weights,5,burstiness | dependency_tree_depth | lexical_density | subject_verb_distance | function_word_adjacency,lr_models/lr_bur_dtd_fwa_lex_svd_6fba10dd.pkl,0.6138,0.574201,0.639803,0.5208,0.77769,0.751135,0.911455,0.638778
Simple_LR_No_Weights,4,sentence_length_deviation | dependency_tree_depth | clause_density | subject_verb_distance,lr_models/lr_cld_dtd_sld_svd_9aca73b6.pkl,0.6238,0.573952,0.661619,0.5068,0.745973,0.721729,0.849767,0.627222
Simple_LR_No_Weights,5,burstiness | dependency_tree_depth | verb_gap_deviation | lexical_density | function_word_adjacency,lr_models/lr_bur_dtd_fwa_lex_vgd_8526dcea.pkl,0.614,0.573386,0.64081,0.5188,0.833742,0.83829,0.856869,0.8205
Simple_LR_No_Weights,7,burstiness | sentence_length_deviation | dependency_tree_depth | clause_density | lexical_density | subject_verb_distance | function_word_adjacency,lr_models/lr_bur_cld_dtd_fwa_lex_sld_svd_8b487dbd.pkl,0.622,0.573363,0.658031,0.508,0.791725,0.773756,0.900812,0.678111
Simple_LR_No_Weights,4,burstiness | sentence_length_deviation | dependency_tree_depth | function_word_adjacency,lr_models/lr_bur_dtd_fwa_sld_1fc640d1.pkl,0.6178,0.57277,0.649265,0.5124,0.842991,0.840549,0.900679,0.787944
Simple_LR_No_Weights,4,burstiness | verb_gap_deviation | lexical_density | function_word_adjacency,lr_models/lr_bur_fwa_lex_vgd_6ce9004d.pkl,0.607,0.571242,0.628421,0.5236,0.818482,0.816787,0.869132,0.770389
Simple_LR_No_Weights,7,burstiness | dependency_tree_depth | clause_density | verb_gap_deviation | lexical_density | subject_verb_distance | function_word_adjacency,lr_models/lr_bur_cld_dtd_fwa_lex_svd_vgd_486487ce.pkl,0.6192,0.571171,0.653608,0.5072,0.794439,0.775558,0.909104,0.676222
Simple_LR_No_Weights,6,sentence_length_deviation | dependency_tree_depth | clause_density | lexical_density | subject_verb_distance | function_word_adjacency,lr_models/lr_cld_dtd_fwa_lex_sld_svd_a70598dd.pkl,0.6194,0.56936,0.65555,0.5032,0.792775,0.775097,0.901311,0.679889
Simple_LR_No_Weights,4,burstiness | clause_density | verb_gap_deviation | function_word_adjacency,lr_models/lr_bur_cld_fwa_vgd_aa01d559.pkl,0.6028,0.566754,0.623321,0.5196,0.812471,0.804288,0.889952,0.733667
Simple_LR_No_Weights,6,burstiness | sentence_length_deviation | verb_gap_deviation | stopword_gradient | subject_verb_distance | function_word_adjacency,lr_models/lr_bur_fwa_sld_swg_svd_vgd_10028fe3.pkl,0.6186,0.5659,0.65663,0.4972,0.80506,0.80317,0.854983,0.757278
Simple_LR_No_Weights,5,burstiness | sentence_length_deviation | clause_density | lexical_density | function_word_adjacency,lr_models/lr_bur_cld_fwa_lex_sld_d7cd27aa.pkl,0.6118,0.56548,0.642095,0.5052,0.80433,0.797439,0.873825,0.733333
Simple_LR_No_Weights,6,burstiness | dependency_tree_depth | verb_gap_deviation | stopword_gradient | subject_verb_distance | function_word_adjacency,lr_models/lr_bur_dtd_fwa_swg_svd_vgd_9c8983d2.pkl,0.6102,0.561924,0.641355,0.5,0.824317,0.823705,0.870798,0.781444
Simple_LR_No_Weights,7,burstiness | sentence_length_deviation | clause_density | verb_gap_deviation | stopword_gradient | subject_verb_distance | function_word_adjacency,lr_models/lr_bur_cld_fwa_sld_swg_svd_vgd_078f1116.pkl,0.6158,0.561916,0.653581,0.4928,0.802609,0.799573,0.856599,0.749667
Simple_LR_No_Weights,5,sentence_length_deviation | verb_gap_deviation | stopword_gradient | subject_verb_distance | function_word_adjacency,lr_models/lr_fwa_sld_swg_svd_vgd_b33fc42f.pkl,0.6154,0.56146,0.65305,0.4924,0.806022,0.803963,0.856712,0.757333
Simple_LR_No_Weights,5,dependency_tree_depth | verb_gap_deviation | stopword_gradient | subject_verb_distance | function_word_adjacency,lr_models/lr_dtd_fwa_swg_svd_vgd_16d2f37e.pkl,0.6102,0.560739,0.64223,0.4976,0.783759,0.773052,0.861276,0.701222
Simple_LR_No_Weights,4,burstiness | sentence_length_deviation | lexical_density | function_word_adjacency,lr_models/lr_bur_fwa_lex_sld_69d44388.pkl,0.6074,0.559767,0.63706,0.4992,0.801296,0.792845,0.87616,0.724
Simple_LR_No_Weights,4,sentence_length_deviation | clause_density | lexical_density | function_word_adjacency,lr_models/lr_cld_fwa_lex_sld_9a3ef8ff.pkl,0.6076,0.559695,0.637526,0.4988,0.806518,0.799795,0.875934,0.735833
Simple_LR_No_Weights,8,burstiness | sentence_length_deviation | dependency_tree_depth | clause_density | verb_gap_deviation | stopword_gradient | subject_verb_distance | function_word_adjacency,lr_models/lr_bur_cld_dtd_fwa_sld_swg_svd_vgd_e97c5bd2.pkl,0.6176,0.556997,0.661894,0.4808,0.825105,0.821267,0.886393,0.765056
Simple_LR_No_Weights,6,sentence_length_deviation | clause_density | verb_gap_deviation | stopword_gradient | subject_verb_distance | function_word_adjacency,lr_models/lr_cld_fwa_sld_swg_svd_vgd_f22d67fa.pkl,0.612,0.55647,0.649413,0.4868,0.804097,0.80109,0.858195,0.751111
Simple_LR_No_Weights,7,sentence_length_deviation | dependency_tree_depth | clause_density | verb_gap_deviation | stopword_gradient | subject_verb_distance | function_word_adjacency,lr_models/lr_cld_dtd_fwa_sld_swg_svd_vgd_9f50f0b1.pkl,0.6174,0.556251,0.662065,0.4796,0.826301,0.822579,0.887289,0.766667
Simple_LR_No_Weights,5,sentence_length_deviation | dependency_tree_depth | clause_density | verb_gap_deviation | lexical_density,lr_models/lr_cld_dtd_lex_sld_vgd_53fa9b39.pkl,0.6158,0.556249,0.658283,0.4816,0.747724,0.745226,0.793486,0.7025
Simple_LR_No_Weights,5,burstiness | dependency_tree_depth | clause_density | subject_verb_distance | function_word_adjacency,lr_models/lr_bur_cld_dtd_fwa_svd_b7b367f2.pkl,0.6004,0.554217,0.62664,0.4968,0.752626,0.702881,0.951965,0.557111
Simple_LR_No_Weights,6,burstiness | sentence_length_deviation | dependency_tree_depth | verb_gap_deviation | stopword_gradient | function_word_adjacency,lr_models/lr_bur_dtd_fwa_sld_swg_vgd_d026ab93.pkl,0.6132,0.552936,0.654984,0.4784,0.842087,0.847592,0.859452,0.836056
Simple_LR_No_Weights,5,burstiness | sentence_length_deviation | dependency_tree_depth | clause_density | function_word_adjacency,lr_models/lr_bur_cld_dtd_fwa_sld_b56ceed3.pkl,0.6036,0.551989,0.634615,0.4884,0.834355,0.827536,0.913052,0.756667
Simple_LR_No_Weights,5,burstiness | clause_density | verb_gap_deviation | lexical_density | function_word_adjacency,lr_models/lr_bur_cld_fwa_lex_vgd_bba8d197.pkl,0.5936,0.551831,0.615044,0.5004,0.806898,0.798747,0.882357,0.729611
Simple_LR_No_Weights,4,clause_density | verb_gap_deviation | lexical_density | function_word_adjacency,lr_models/lr_cld_fwa_lex_vgd_e9d33fc5.pkl,0.6016,0.551351,0.630928,0.4896,0.780754,0.755165,0.91316,0.643778
Simple_LR_No_Weights,4,sentence_length_deviation | dependency_tree_depth | clause_density | function_word_adjacency,lr_models/lr_cld_dtd_fwa_sld_f5ecc2d6.pkl,0.603,0.55121,0.633905,0.4876,0.835026,0.828167,0.914184,0.756944
Simple_LR_No_Weights,5,burstiness | dependency_tree_depth | clause_density | verb_gap_deviation | function_word_adjacency,lr_models/lr_bur_cld_dtd_fwa_vgd_c73e6051.pkl,0.6034,0.550238,0.635411,0.4852,0.833888,0.825534,0.92058,0.748278
Simple_LR_No_Weights,5,sentence_length_deviation | dependency_tree_depth | verb_gap_deviation | stopword_gradient | function_word_adjacency,lr_models/lr_dtd_fwa_sld_swg_vgd_9eb81a99.pkl,0.6098,0.54911,0.650246,0.4752,0.843137,0.848615,0.860439,0.837111
Simple_LR_No_Weights,7,sentence_length_deviation | dependency_tree_depth | verb_gap_deviation | lexical_density | stopword_gradient | subject_verb_distance | function_word_adjacency,lr_models/lr_dtd_fwa_lex_sld_swg_svd_vgd_6eb3a075.pkl,0.6112,0.546853,0.655307,0.4692,0.808182,0.810929,0.840668,0.783222
Simple_LR_No_Weights,8,burstiness | sentence_length_deviation | dependency_tree_depth | verb_gap_deviation | lexical_density | stopword_gradient | subject_verb_distance | function_word_adjacency,lr_models/lr_bur_dtd_fwa_lex_sld_swg_svd_vgd_1379c7b3.pkl,0.6118,0.546601,0.656934,0.468,0.806489,0.809195,0.839181,0.781278
Simple_LR_No_Weights,4,verb_gap_deviation | stopword_gradient | subject_verb_distance | function_word_adjacency,lr_models/lr_fwa_swg_svd_vgd_95e0cced.pkl,0.5974,0.544261,0.627021,0.4808,0.766748,0.745641,0.87258,0.650944
Simple_LR_No_Weights,6,dependency_tree_depth | verb_gap_deviation | lexical_density | stopword_gradient | subject_verb_distance | function_word_adjacency,lr_models/lr_dtd_fwa_lex_swg_svd_vgd_b681cc29.pkl,0.598,0.543389,0.628812,0.4784,0.748366,0.731457,0.832152,0.6525
Simple_LR_No_Weights,6,burstiness | sentence_length_deviation | dependency_tree_depth | stopword_gradient | subject_verb_distance | function_word_adjacency,lr_models/lr_bur_dtd_fwa_sld_swg_svd_4125583a.pkl,0.6056,0.540112,0.647651,0.4632,0.820582,0.813932,0.893799,0.747167
Simple_LR_No_Weights,5,sentence_length_deviation | dependency_tree_depth | stopword_gradient | subject_verb_distance | function_word_adjacency,lr_models/lr_dtd_fwa_sld_swg_svd_9335b697.pkl,0.6068,0.539794,0.650677,0.4612,0.821399,0.814902,0.894154,0.748556
Simple_LR_No_Weights,4,sentence_length_deviation | dependency_tree_depth | lexical_density | function_word_adjacency,lr_models/lr_dtd_fwa_lex_sld_9d996565.pkl,0.597,0.539639,0.629196,0.4724,0.825835,0.820508,0.89433,0.757944
Simple_LR_No_Weights,7,burstiness | dependency_tree_depth | clause_density | verb_gap_deviation | stopword_gradient | subject_verb_distance | function_word_adjacency,lr_models/lr_bur_cld_dtd_fwa_swg_svd_vgd_1d2a561b.pkl,0.6024,0.539388,0.640969,0.4656,0.803776,0.787473,0.913216,0.692167
Simple_LR_No_Weights,5,burstiness | sentence_length_deviation | dependency_tree_depth | lexical_density | function_word_adjacency,lr_models/lr_bur_dtd_fwa_lex_sld_16cc08da.pkl,0.5966,0.539182,0.628663,0.472,0.825659,0.820209,0.894702,0.757167
Simple_LR_No_Weights,4,dependency_tree_depth | clause_density | verb_gap_deviation | function_word_adjacency,lr_models/lr_cld_dtd_fwa_vgd_ce2acc2e.pkl,0.6008,0.537535,0.638767,0.464,0.794847,0.769074,0.940628,0.650444
Simple_LR_No_Weights,7,burstiness | sentence_length_deviation | dependency_tree_depth | clause_density | verb_gap_deviation | stopword_gradient | subject_verb_distance,lr_models/lr_bur_cld_dtd_sld_swg_svd_vgd_4e003a0c.pkl,0.6068,0.537194,0.652746,0.4564,0.754931,0.747861,0.813533,0.692
Simple_LR_No_Weights,6,burstiness | sentence_length_deviation | clause_density | stopword_gradient | subject_verb_distance | function_word_adjacency,lr_models/lr_bur_cld_fwa_sld_swg_svd_aced7073.pkl,0.5986,0.536811,0.634479,0.4652,0.795022,0.785372,0.872514,0.714056
Simple_LR_No_Weights,5,burstiness | sentence_length_deviation | stopword_gradient | subject_verb_distance | function_word_adjacency,lr_models/lr_bur_fwa_sld_swg_svd_1b439745.pkl,0.5982,0.536349,0.633933,0.4648,0.794439,0.784616,0.872391,0.712889
Simple_LR_No_Weights,5,burstiness | verb_gap_deviation | stopword_gradient | subject_verb_distance | function_word_adjacency,lr_models/lr_bur_fwa_swg_svd_vgd_4744b5ff.pkl,0.5896,0.535957,0.616545,0.474,0.801675,0.794012,0.873508,0.727778
Simple_LR_No_Weights,5,burstiness | sentence_length_deviation | verb_gap_deviation | stopword_gradient | function_word_adjacency,lr_models/lr_bur_fwa_sld_swg_vgd_1ec5b9e0.pkl,0.5976,0.535549,0.633188,0.464,0.814017,0.815311,0.852047,0.781611
Simple_LR_No_Weights,7,burstiness | dependency_tree_depth | verb_gap_deviation | lexical_density | stopword_gradient | subject_verb_distance | function_word_adjacency,lr_models/lr_bur_dtd_fwa_lex_swg_svd_vgd_954655cb.pkl,0.595,0.535231,0.627894,0.4664,0.79794,0.795789,0.84803,0.749611
Simple_LR_No_Weights,6,sentence_length_deviation | dependency_tree_depth | clause_density | verb_gap_deviation | stopword_gradient | subject_verb_distance,lr_models/lr_cld_dtd_sld_swg_svd_vgd_3d050dee.pkl,0.6044,0.534369,0.649314,0.454,0.756682,0.750127,0.81422,0.695389
Simple_LR_No_Weights,6,burstiness | sentence_length_deviation | clause_density | verb_gap_deviation | stopword_gradient | function_word_adjacency,lr_models/lr_bur_cld_fwa_sld_swg_vgd_eb1fc3ad.pkl,0.597,0.533673,0.633169,0.4612,0.810983,0.810784,0.854829,0.771056
Simple_LR_No_Weights,7,burstiness | sentence_length_deviation | dependency_tree_depth | clause_density | verb_gap_deviation | stopword_gradient | function_word_adjacency,lr_models/lr_bur_cld_dtd_fwa_sld_swg_vgd_9b5fc8e0.pkl,0.601,0.533333,0.642254,0.456,0.834121,0.833416,0.881813,0.790056
Simple_LR_No_Weights,6,burstiness | dependency_tree_depth | clause_density | verb_gap_deviation | lexical_density | function_word_adjacency,lr_models/lr_bur_cld_dtd_fwa_lex_vgd_6e1d1ca5.pkl,0.5924,0.532997,0.623927,0.4652,0.821049,0.811298,0.909179,0.732444
Simple_LR_No_Weights,5,sentence_length_deviation | clause_density | stopword_gradient | subject_verb_distance | function_word_adjacency,lr_models/lr_cld_fwa_sld_swg_svd_8bc785c5.pkl,0.5942,0.532165,0.628198,0.4616,0.796248,0.787058,0.872372,0.716944
Simple_LR_No_Weights,4,sentence_length_deviation | stopword_gradient | subject_verb_distance | function_word_adjacency,lr_models/lr_fwa_sld_swg_svd_51109c91.pkl,0.5942,0.532165,0.628198,0.4616,0.795839,0.78654,0.872251,0.716167
Simple_LR_No_Weights,6,sentence_length_deviation | dependency_tree_depth | clause_density | verb_gap_deviation | stopword_gradient | function_word_adjacency,lr_models/lr_cld_dtd_fwa_sld_swg_vgd_0aa64edc.pkl,0.6002,0.531521,0.641766,0.4536,0.834296,0.833524,0.882331,0.789833
Simple_LR_No_Weights,4,burstiness | sentence_length_deviation | dependency_tree_depth | clause_density,lr_models/lr_bur_cld_dtd_sld_3773752f.pkl,0.5938,0.531055,0.628072,0.46,0.785102,0.774819,0.861563,0.703944
Simple_LR_No_Weights,4,sentence_length_deviation | verb_gap_deviation | stopword_gradient | function_word_adjacency,lr_models/lr_fwa_sld_swg_vgd_dd42d8db.pkl,0.5944,0.530556,0.62967,0.4584,0.814834,0.816175,0.852681,0.782667
Simple_LR_No_Weights,7,burstiness | sentence_length_deviation | verb_gap_deviation | lexical_density | stopword_gradient | subject_verb_distance | function_word_adjacency,lr_models/lr_bur_fwa_lex_sld_swg_svd_vgd_132e50ee.pkl,0.5954,0.529644,0.632426,0.4556,0.78551,0.782134,0.838257,0.733056
Simple_LR_No_Weights,5,sentence_length_deviation | dependency_tree_depth | clause_density | lexical_density | function_word_adjacency,lr_models/lr_cld_dtd_fwa_lex_sld_834f0cb5.pkl,0.5892,0.529546,0.619507,0.4624,0.820495,0.811704,0.903762,0.736667
Simple_LR_No_Weights,8,burstiness | sentence_length_deviation | clause_density | verb_gap_deviation | lexical_density | stopword_gradient | subject_verb_distance | function_word_adjacency,lr_models/lr_bur_cld_fwa_lex_sld_swg_svd_vgd_a3c53472.pkl,0.595,0.529179,0.631871,0.4552,0.785014,0.781495,0.838168,0.732
Simple_LR_No_Weights,8,sentence_length_deviation | dependency_tree_depth | clause_density | verb_gap_deviation | lexical_density | stopword_gradient | subject_verb_distance | function_word_adjacency,lr_models/lr_cld_dtd_fwa_lex_sld_swg_svd_vgd_f069f89a.pkl,0.6002,0.528871,0.643718,0.4488,0.802813,0.798725,0.860876,0.744944
Simple_LR_No_Weights,5,dependency_tree_depth | clause_density | verb_gap_deviation | lexical_density | function_word_adjacency,lr_models/lr_cld_dtd_fwa_lex_vgd_191b6e17.pkl,0.5954,0.528768,0.633017,0.454,0.784722,0.755712,0.935257,0.634
Simple_LR_No_Weights,6,dependency_tree_depth | clause_density | verb_gap_deviation | stopword_gradient | subject_verb_distance | function_word_adjacency,lr_models/lr_cld_dtd_fwa_swg_svd_vgd_ecf40ef1.pkl,0.5978,0.528709,0.63837,0.4512,0.747403,0.70309,0.918706,0.569444
Simple_LR_No_Weights,5,sentence_length_deviation | clause_density | verb_gap_deviation | stopword_gradient | function_word_adjacency,lr_models/lr_cld_fwa_sld_swg_vgd_4b73c3f6.pkl,0.5924,0.527365,0.627483,0.4548,0.811916,0.811818,0.85542,0.772444
Simple_LR_No_Weights,7,burstiness | sentence_length_deviation | dependency_tree_depth | clause_density | stopword_gradient | subject_verb_distance | function_word_adjacency,lr_models/lr_bur_cld_dtd_fwa_sld_swg_svd_cace49c1.pkl,0.5974,0.52691,0.638746,0.4484,0.806839,0.794052,0.902291,0.709
Simple_LR_No_Weights,6,burstiness | sentence_length_deviation | dependency_tree_depth | clause_density | lexical_density | function_word_adjacency,lr_models/lr_bur_cld_dtd_fwa_lex_sld_fa2467f2.pkl,0.5876,0.52663,0.617996,0.4588,0.819386,0.810402,0.903127,0.734944
Simple_LR_No_Weights,6,sentence_length_deviation | dependency_tree_depth | verb_gap_deviation | lexical_density | stopword_gradient | function_word_adjacency,lr_models/lr_dtd_fwa_lex_sld_swg_vgd_867d2b05.pkl,0.5968,0.525647,0.638286,0.4468,0.818044,0.823931,0.837697,0.810611
Simple_LR_No_Weights,7,sentence_length_deviation | clause_density | verb_gap_deviation | lexical_density | stopword_gradient | subject_verb_distance | function_word_adjacency,lr_models/lr_cld_fwa_lex_sld_swg_svd_vgd_f360029e.pkl,0.5928,0.524743,0.630045,0.4496,0.788545,0.785115,0.841908,0.7355
Simple_LR_No_Weights,7,burstiness | sentence_length_deviation | dependency_tree_depth | verb_gap_deviation | lexical_density | stopword_gradient | function_word_adjacency,lr_models/lr_bur_dtd_fwa_lex_sld_swg_vgd_bea6291d.pkl,0.595,0.524536,0.63502,0.4468,0.81784,0.823739,0.837476,0.810444
Simple_LR_No_Weights,6,sentence_length_deviation | verb_gap_deviation | lexical_density | stopword_gradient | subject_verb_distance | function_word_adjacency,lr_models/lr_fwa_lex_sld_swg_svd_vgd_6ae9d92a.pkl,0.5922,0.523709,0.629422,0.4484,0.788399,0.784973,0.841727,0.735389
Simple_LR_No_Weights,6,sentence_length_deviation | dependency_tree_depth | clause_density | stopword_gradient | subject_verb_distance | function_word_adjacency,lr_models/lr_cld_dtd_fwa_sld_swg_svd_3bdf81c9.pkl,0.5952,0.523316,0.636312,0.4444,0.808327,0.795734,0.903666,0.710833
Simple_LR_No_Weights,5,burstiness | sentence_length_deviation | dependency_tree_depth | clause_density | lexical_density,lr_models/lr_bur_cld_dtd_lex_sld_626d7005.pkl,0.5896,0.521901,0.625,0.448,0.758987,0.745093,0.838101,0.670667
Simple_LR_No_Weights,5,burstiness | dependency_tree_depth | stopword_gradient | subject_verb_distance | function_word_adjacency,lr_models/lr_bur_dtd_fwa_swg_svd_6b540aed.pkl,0.58,0.521204,0.606045,0.4572,0.790208,0.770258,0.906513,0.669611
Simple_LR_No_Weights,4,burstiness | dependency_tree_depth | clause_density | verb_gap_deviation,lr_models/lr_bur_cld_dtd_vgd_7a83504c.pkl,0.5864,0.520631,0.619074,0.4492,0.76491,0.743661,0.870151,0.649278
Simple_LR_No_Weights,6,burstiness | clause_density | verb_gap_deviation | stopword_gradient | subject_verb_distance | function_word_adjacency,lr_models/lr_bur_cld_fwa_swg_svd_vgd_f28ab169.pkl,0.5796,0.520529,0.605626,0.4564,0.787348,0.772321,0.882298,0.686722
Simple_LR_No_Weights,6,burstiness | sentence_length_deviation | dependency_tree_depth | clause_density | verb_gap_deviation | stopword_gradient,lr_models/lr_bur_cld_dtd_sld_swg_vgd_6723ba60.pkl,0.5956,0.519715,0.639766,0.4376,0.778887,0.777745,0.823745,0.736611
Simple_LR_No_Weights,7,burstiness | sentence_length_deviation | clause_density | lexical_density | stopword_gradient | subject_verb_distance | function_word_adjacency,lr_models/lr_bur_cld_fwa_lex_sld_swg_svd_5fadfeaf.pkl,0.5878,0.51857,0.623245,0.444,0.778945,0.766288,0.861543,0.69
Simple_LR_No_Weights,5,sentence_length_deviation | dependency_tree_depth | clause_density | verb_gap_deviation | stopword_gradient,lr_models/lr_cld_dtd_sld_swg_vgd_d6ccc810.pkl,0.5934,0.517675,0.636152,0.4364,0.779091,0.778139,0.82338,0.737611
Simple_LR_No_Weights,4,sentence_length_deviation | dependency_tree_depth | clause_density | lexical_density,lr_models/lr_cld_dtd_lex_sld_2245c8f0.pkl,0.5846,0.514152,0.619155,0.4396,0.762051,0.748605,0.840917,0.674556
Simple_LR_No_Weights,7,burstiness | sentence_length_deviation | dependency_tree_depth | lexical_density | stopword_gradient | subject_verb_distance | function_word_adjacency,lr_models/lr_bur_dtd_fwa_lex_sld_swg_svd_bfcbd86f.pkl,0.5894,0.514083,0.629565,0.4344,0.788632,0.774835,0.879481,0.692444
Simple_LR_No_Weights,5,burstiness | dependency_tree_depth | verb_gap_deviation | stopword_gradient | function_word_adjacency,lr_models/lr_bur_dtd_fwa_swg_vgd_5b2dee63.pkl,0.5758,0.513197,0.602046,0.4472,0.836864,0.840271,0.864906,0.817
Simple_LR_No_Weights,6,sentence_length_deviation | clause_density | lexical_density | stopword_gradient | subject_verb_distance | function_word_adjacency,lr_models/lr_cld_fwa_lex_sld_swg_svd_a3c54845.pkl,0.5836,0.513096,0.61768,0.4388,0.781746,0.769492,0.864014,0.693611
Simple_LR_No_Weights,8,burstiness | dependency_tree_depth | clause_density | verb_gap_deviation | lexical_density | stopword_gradient | subject_verb_distance | function_word_adjacency,lr_models/lr_bur_cld_dtd_fwa_lex_swg_svd_vgd_a8751bed.pkl,0.5842,0.511857,0.61967,0.436,0.783292,0.763238,0.89543,0.665056
Simple_LR_No_Weights,6,sentence_length_deviation | dependency_tree_depth | lexical_density | stopword_gradient | subject_verb_distance | function_word_adjacency,lr_models/lr_dtd_fwa_lex_sld_swg_svd_d9cc8b48.pkl,0.5872,0.511826,0.626157,0.4328,0.790062,0.776795,0.879522,0.695556
Simple_LR_No_Weights,6,burstiness | verb_gap_deviation | lexical_density | stopword_gradient | subject_verb_distance | function_word_adjacency,lr_models/lr_bur_fwa_lex_swg_svd_vgd_aa89d41a.pkl,0.5732,0.51167,0.597861,0.4472,0.783555,0.773869,0.857403,0.705167
Simple_LR_No_Weights,8,burstiness | sentence_length_deviation | dependency_tree_depth | clause_density | lexical_density | stopword_gradient | subject_verb_distance | function_word_adjacency,lr_models/lr_bur_cld_dtd_fwa_lex_sld_swg_svd_049ae4c8.pkl,0.5874,0.511485,0.626814,0.432,0.781308,0.762734,0.886526,0.669278
Simple_LR_No_Weights,4,burstiness | dependency_tree_depth | lexical_density | function_word_adjacency,lr_models/lr_bur_dtd_fwa_lex_c04fa175.pkl,0.564,0.510332,0.581967,0.4544,0.829394,0.818737,0.926212,0.733611
Simple_LR_No_Weights,6,burstiness | sentence_length_deviation | lexical_density | stopword_gradient | subject_verb_distance | function_word_adjacency,lr_models/lr_bur_fwa_lex_sld_swg_svd_f4baa0ac.pkl,0.5814,0.509721,0.615037,0.4352,0.773284,0.75743,0.864524,0.673944
Simple_LR_No_Weights,8,burstiness | sentence_length_deviation | dependency_tree_depth | clause_density | verb_gap_deviation | lexical_density | stopword_gradient | function_word_adjacency,lr_models/lr_bur_cld_dtd_fwa_lex_sld_swg_vgd_5f977c80.pkl,0.5848,0.506654,0.624122,0.4264,0.81393,0.813642,0.858314,0.773389
Simple_LR_No_Weights,5,sentence_length_deviation | lexical_density | stopword_gradient | subject_verb_distance | function_word_adjacency,lr_models/lr_fwa_lex_sld_swg_svd_5380040b.pkl,0.5778,0.50643,0.609454,0.4332,0.776698,0.761819,0.86611,0.679944
Simple_LR_No_Weights,5,burstiness | sentence_length_deviation | dependency_tree_depth | stopword_gradient | function_word_adjacency,lr_models/lr_bur_dtd_fwa_sld_swg_56646a7e.pkl,0.5824,0.506383,0.619075,0.4284,0.833333,0.830856,0.889601,0.779389
Simple_LR_No_Weights,7,sentence_length_deviation | dependency_tree_depth | clause_density | lexical_density | stopword_gradient | subject_verb_distance | function_word_adjacency,lr_models/lr_cld_dtd_fwa_lex_sld_swg_svd_36708f41.pkl,0.5836,0.505933,0.621937,0.4264,0.783322,0.765416,0.887156,0.673056
Simple_LR_No_Weights,4,burstiness | sentence_length_deviation | dependency_tree_depth | stopword_gradient,lr_models/lr_bur_dtd_sld_swg_8ca87c8e.pkl,0.5856,0.50478,0.627078,0.4224,0.763918,0.773545,0.779457,0.767722
Simple_LR_No_Weights,7,sentence_length_deviation | dependency_tree_depth | clause_density | verb_gap_deviation | lexical_density | stopword_gradient | function_word_adjacency,lr_models/lr_cld_dtd_fwa_lex_sld_swg_vgd_9b7f3d7d.pkl,0.5836,0.504522,0.622797,0.424,0.81498,0.814661,0.859557,0.774222
Simple_LR_No_Weights,4,burstiness | stopword_gradient | subject_verb_distance | function_word_adjacency,lr_models/lr_bur_fwa_swg_svd_2e5c7750.pkl,0.5668,0.504121,0.5894,0.4404,0.777544,0.75408,0.899016,0.649389
Simple_LR_No_Weights,4,sentence_length_deviation | dependency_tree_depth | stopword_gradient | function_word_adjacency,lr_models/lr_dtd_fwa_sld_swg_7d9ee252.pkl,0.581,0.503907,0.617528,0.4256,0.835113,0.832697,0.891361,0.781278
Simple_LR_No_Weights,4,burstiness | clause_density | lexical_density | function_word_adjacency,lr_models/lr_bur_cld_fwa_lex_e6252afd.pkl,0.5548,0.503125,0.569192,0.4508,0.79794,0.775883,0.929297,0.665944
Simple_LR_No_Weights,6,burstiness | sentence_length_deviation | verb_gap_deviation | lexical_density | stopword_gradient | function_word_adjacency,lr_models/lr_bur_fwa_lex_sld_swg_vgd_84e3184e.pkl,0.5778,0.502709,0.611461,0.4268,0.794322,0.794902,0.834504,0.758889
Simple_LR_No_Weights,7,burstiness | sentence_length_deviation | clause_density | verb_gap_deviation | lexical_density | stopword_gradient | function_word_adjacency,lr_models/lr_bur_cld_fwa_lex_sld_swg_vgd_694d8bac.pkl,0.5768,0.501649,0.609966,0.426,0.793096,0.793066,0.835311,0.754889
Simple_LR_No_Weights,4,burstiness | sentence_length_deviation | stopword_gradient | function_word_adjacency,lr_models/lr_bur_fwa_sld_swg_41204d3d.pkl,0.5746,0.501056,0.605786,0.4272,0.810749,0.805482,0.875196,0.746056
Simple_LR_No_Weights,7,burstiness | clause_density | verb_gap_deviation | lexical_density | stopword_gradient | subject_verb_distance | function_word_adjacency,lr_models/lr_bur_cld_fwa_lex_swg_svd_vgd_d3784738.pkl,0.5668,0.500461,0.590959,0.434,0.775385,0.759332,0.868297,0.674667
Simple_LR_No_Weights,4,dependency_tree_depth | verb_gap_deviation | stopword_gradient | function_word_adjacency,lr_models/lr_dtd_fwa_swg_vgd_8ac2a521.pkl,0.5714,0.50035,0.599776,0.4292,0.823996,0.824621,0.865012,0.787833
Simple_LR_No_Weights,5,burstiness | sentence_length_deviation | clause_density | stopword_gradient | function_word_adjacency,lr_models/lr_bur_cld_fwa_sld_swg_0807f5da.pkl,0.5742,0.499883,0.605578,0.4256,0.809728,0.804039,0.875695,0.743222
Simple_LR_No_Weights,4,burstiness | verb_gap_deviation | stopword_gradient | function_word_adjacency,lr_models/lr_bur_fwa_swg_vgd_b5c313eb.pkl,0.5624,0.498625,0.583691,0.4352,0.819678,0.818171,0.869652,0.772444
Simple_LR_No_Weights,6,sentence_length_deviation | clause_density | verb_gap_deviation | lexical_density | stopword_gradient | function_word_adjacency,lr_models/lr_cld_fwa_lex_sld_swg_vgd_5fb5f590.pkl,0.5742,0.497285,0.606916,0.4212,0.796248,0.796254,0.838505,0.758056
Simple_LR_No_Weights,5,sentence_length_deviation | verb_gap_deviation | lexical_density | stopword_gradient | function_word_adjacency,lr_models/lr_fwa_lex_sld_swg_vgd_a83c0b18.pkl,0.5752,0.497159,0.609049,0.42,0.797473,0.797915,0.838258,0.761278
Simple_LR_No_Weights,6,burstiness | dependency_tree_depth | clause_density | verb_gap_deviation | stopword_gradient | function_word_adjacency,lr_models/lr_bur_cld_dtd_fwa_swg_vgd_f3d2d6bf.pkl,0.5724,0.495992,0.603904,0.4208,0.824288,0.814605,0.913548,0.735
Simple_LR_No_Weights,4,sentence_length_deviation | clause_density | stopword_gradient | function_word_adjacency,lr_models/lr_cld_fwa_sld_swg_7ee84454.pkl,0.569,0.494487,0.597845,0.4216,0.809786,0.804311,0.874878,0.744278
Simple_LR_No_Weights,6,burstiness | dependency_tree_depth | lexical_density | stopword_gradient | subject_verb_distance | function_word_adjacency,lr_models/lr_bur_dtd_fwa_lex_swg_svd_e6b93a7f.pkl,0.5644,0.494429,0.589049,0.426,0.764793,0.735748,0.897401,0.623444
Simple_LR_No_Weights,5,burstiness | clause_density | stopword_gradient | subject_verb_distance | function_word_adjacency,lr_models/lr_bur_cld_fwa_swg_svd_82582ed0.pkl,0.5596,0.493793,0.580541,0.4296,0.761,0.727973,0.904962,0.608889
Simple_LR_No_Weights,6,burstiness | dependency_tree_depth | clause_density | stopword_gradient | subject_verb_distance | function_word_adjacency,lr_models/lr_bur_cld_dtd_fwa_swg_svd_6f0ff679.pkl,0.5634,0.490311,0.588895,0.42,0.75105,0.703729,0.938415,0.562944
Simple_LR_No_Weights,5,burstiness | lexical_density | stopword_gradient | subject_verb_distance | function_word_adjacency,lr_models/lr_bur_fwa_lex_swg_svd_d79a7780.pkl,0.5586,0.488528,0.580716,0.4216,0.75709,0.726034,0.89053,0.612833
Simple_LR_No_Weights,5,sentence_length_deviation | dependency_tree_depth | clause_density | stopword_gradient | function_word_adjacency,lr_models/lr_cld_dtd_fwa_sld_swg_2c05dedf.pkl,0.5712,0.488305,0.605325,0.4092,0.82528,0.818171,0.902223,0.748444
Simple_LR_No_Weights,6,burstiness | dependency_tree_depth | verb_gap_deviation | lexical_density | stopword_gradient | function_word_adjacency,lr_models/lr_bur_dtd_fwa_lex_swg_vgd_753d2629.pkl,0.5614,0.487018,0.586479,0.4164,0.820145,0.823866,0.8482,0.800889
Simple_LR_No_Weights,6,burstiness | sentence_length_deviation | dependency_tree_depth | clause_density | stopword_gradient | function_word_adjacency,lr_models/lr_bur_cld_dtd_fwa_sld_swg_bb82f969.pkl,0.57,0.486874,0.60355,0.408,0.824901,0.817638,0.902462,0.747389
Simple_LR_No_Weights,5,burstiness | clause_density | verb_gap_deviation | stopword_gradient | function_word_adjacency,lr_models/lr_bur_cld_fwa_swg_vgd_9e840bff.pkl,0.5564,0.486574,0.577473,0.4204,0.806168,0.79755,0.883346,0.726944
Simple_LR_No_Weights,5,dependency_tree_depth | verb_gap_deviation | lexical_density | stopword_gradient | function_word_adjacency,lr_models/lr_dtd_fwa_lex_swg_vgd_3fd60ed8.pkl,0.558,0.484608,0.581096,0.4156,0.804388,0.804114,0.848126,0.764444
Simple_LR_No_Weights,6,burstiness | clause_density | lexical_density | stopword_gradient | subject_verb_distance | function_word_adjacency,lr_models/lr_bur_cld_fwa_lex_swg_svd_8a12e977.pkl,0.5526,0.481095,0.572612,0.4148,0.748278,0.710396,0.897532,0.587833
Simple_LR_No_Weights,4,burstiness | dependency_tree_depth | clause_density | function_word_adjacency,lr_models/lr_bur_cld_dtd_fwa_c6d0f59d.pkl,0.5456,0.480567,0.560832,0.4204,0.802113,0.774968,0.962102,0.648778
Simple_LR_No_Weights,5,burstiness | verb_gap_deviation | lexical_density | stopword_gradient | function_word_adjacency,lr_models/lr_bur_fwa_lex_swg_vgd_5eb61a88.pkl,0.5538,0.480559,0.57493,0.4128,0.806402,0.80441,0.856874,0.758
Simple_LR_No_Weights,6,burstiness | sentence_length_deviation | dependency_tree_depth | lexical_density | stopword_gradient | function_word_adjacency,lr_models/lr_bur_dtd_fwa_lex_sld_swg_aed9b24c.pkl,0.5652,0.478907,0.597488,0.3996,0.8132,0.80682,0.883025,0.742722
Simple_LR_No_Weights,5,burstiness | dependency_tree_depth | clause_density | lexical_density | function_word_adjacency,lr_models/lr_bur_cld_dtd_fwa_lex_72dba518.pkl,0.5446,0.478111,0.55985,0.4172,0.80042,0.772516,0.96238,0.645222
Simple_LR_No_Weights,7,burstiness | dependency_tree_depth | clause_density | verb_gap_deviation | lexical_density | stopword_gradient | function_word_adjacency,lr_models/lr_bur_cld_dtd_fwa_lex_swg_vgd_9ccdc038.pkl,0.559,0.475874,0.586409,0.4004,0.809728,0.798778,0.898383,0.719056
Simple_LR_No_Weights,5,dependency_tree_depth | clause_density | verb_gap_deviation | stopword_gradient | function_word_adjacency,lr_models/lr_cld_dtd_fwa_swg_vgd_d21d442a.pkl,0.5634,0.474103,0.596002,0.3936,0.789595,0.764539,0.927287,0.650389
Simple_LR_No_Weights,5,burstiness | sentence_length_deviation | dependency_tree_depth | clause_density | stopword_gradient,lr_models/lr_bur_cld_dtd_sld_swg_0db8149c.pkl,0.5644,0.473913,0.598171,0.3924,0.773168,0.762161,0.848155,0.692
Simple_LR_No_Weights,6,burstiness | sentence_length_deviation | clause_density | lexical_density | stopword_gradient | function_word_adjacency,lr_models/lr_bur_cld_fwa_lex_sld_swg_e39a2c06.pkl,0.558,0.472805,0.585697,0.3964,0.797502,0.790307,0.866322,0.726556
Simple_LR_No_Weights,4,sentence_length_deviation | dependency_tree_depth | clause_density | stopword_gradient,lr_models/lr_cld_dtd_sld_swg_af19cfb4.pkl,0.5626,0.472631,0.595021,0.392,0.775998,0.765495,0.850241,0.696111
Simple_LR_No_Weights,5,sentence_length_deviation | dependency_tree_depth | lexical_density | stopword_gradient | function_word_adjacency,lr_models/lr_dtd_fwa_lex_sld_swg_df9bddf6.pkl,0.5602,0.472535,0.590174,0.394,0.815564,0.809545,0.884456,0.746333
Simple_LR_No_Weights,4,verb_gap_deviation | lexical_density | stopword_gradient | function_word_adjacency,lr_models/lr_fwa_lex_swg_vgd_a098b5f7.pkl,0.5536,0.47234,0.577457,0.3996,0.798232,0.790245,0.870315,0.723667
Simple_LR_No_Weights,5,burstiness | sentence_length_deviation | lexical_density | stopword_gradient | function_word_adjacency,lr_models/lr_bur_fwa_lex_sld_swg_c04b6922.pkl,0.5566,0.470504,0.583877,0.394,0.793826,0.785163,0.867159,0.717333
Simple_LR_No_Weights,5,sentence_length_deviation | clause_density | lexical_density | stopword_gradient | function_word_adjacency,lr_models/lr_cld_fwa_lex_sld_swg_150f9f08.pkl,0.5564,0.469885,0.583729,0.3932,0.798845,0.791558,0.868383,0.727222
Simple_LR_No_Weights,7,burstiness | sentence_length_deviation | dependency_tree_depth | clause_density | lexical_density | stopword_gradient | function_word_adjacency,lr_models/lr_bur_cld_dtd_fwa_lex_sld_swg_0d2c514f.pkl,0.5572,0.468044,0.586041,0.3896,0.808036,0.79837,0.890355,0.723611
Simple_LR_No_Weights,6,burstiness | clause_density | verb_gap_deviation | lexical_density | stopword_gradient | function_word_adjacency,lr_models/lr_bur_cld_fwa_lex_swg_vgd_9b1f7e95.pkl,0.544,0.467787,0.561659,0.4008,0.798173,0.789584,0.872588,0.721
Simple_LR_No_Weights,6,sentence_length_deviation | dependency_tree_depth | clause_density | lexical_density | stopword_gradient | function_word_adjacency,lr_models/lr_cld_dtd_fwa_lex_sld_swg_63e358db.pkl,0.5554,0.46601,0.583283,0.388,0.810224,0.800821,0.892248,0.726389
Simple_LR_No_Weights,4,sentence_length_deviation | lexical_density | stopword_gradient | function_word_adjacency,lr_models/lr_fwa_lex_sld_swg_8a611830.pkl,0.5534,0.465662,0.579512,0.3892,0.796364,0.787866,0.869857,0.72
Simple_LR_No_Weights,6,dependency_tree_depth | clause_density | verb_gap_deviation | lexical_density | stopword_gradient | function_word_adjacency,lr_models/lr_cld_dtd_fwa_lex_swg_vgd_4691b45e.pkl,0.5572,0.465476,0.587089,0.3856,0.775619,0.746087,0.919583,0.627667
Simple_LR_No_Weights,5,burstiness | dependency_tree_depth | clause_density | verb_gap_deviation | stopword_gradient,lr_models/lr_bur_cld_dtd_swg_vgd_a5ed5105.pkl,0.557,0.46355,0.587477,0.3828,0.753852,0.730823,0.858471,0.636222
Simple_LR_No_Weights,4,clause_density | verb_gap_deviation | stopword_gradient | function_word_adjacency,lr_models/lr_cld_fwa_swg_vgd_24a3a907.pkl,0.5498,0.460321,0.574506,0.384,0.778274,0.755305,0.898353,0.651556
Simple_LR_No_Weights,5,clause_density | verb_gap_deviation | lexical_density | stopword_gradient | function_word_adjacency,lr_models/lr_cld_fwa_lex_swg_vgd_9cc83136.pkl,0.5452,0.454415,0.567746,0.3788,0.77203,0.747487,0.893594,0.642444
Simple_LR_No_Weights,4,burstiness | dependency_tree_depth | stopword_gradient | function_word_adjacency,lr_models/lr_bur_dtd_fwa_swg_8dd37932.pkl,0.531,0.44966,0.544009,0.3832,0.824434,0.814753,0.913749,0.735111
Simple_LR_No_Weights,4,burstiness | lexical_density | stopword_gradient | function_word_adjacency,lr_models/lr_bur_fwa_lex_swg_3175643b.pkl,0.521,0.436073,0.530052,0.3704,0.803513,0.788638,0.906421,0.697944
Simple_LR_No_Weights,5,burstiness | dependency_tree_depth | lexical_density | stopword_gradient | function_word_adjacency,lr_models/lr_bur_dtd_fwa_lex_swg_5bb7baaf.pkl,0.5228,0.4354,0.533024,0.368,0.815418,0.803161,0.912859,0.717
Simple_LR_No_Weights,4,burstiness | clause_density | stopword_gradient | function_word_adjacency,lr_models/lr_bur_cld_fwa_swg_283b297e.pkl,0.5168,0.433662,0.523783,0.37,0.795518,0.774503,0.920248,0.668611
Simple_LR_No_Weights,5,burstiness | clause_density | lexical_density | stopword_gradient | function_word_adjacency,lr_models/lr_bur_cld_fwa_lex_swg_b75b9532.pkl,0.5154,0.428942,0.522088,0.364,0.790295,0.767869,0.917136,0.660389
Simple_LR_No_Weights,5,burstiness | dependency_tree_depth | clause_density | stopword_gradient | function_word_adjacency,lr_models/lr_bur_cld_dtd_fwa_swg_96095adc.pkl,0.5182,0.423546,0.527099,0.354,0.795547,0.768815,0.946543,0.647278
Simple_LR_No_Weights,6,burstiness | dependency_tree_depth | clause_density | lexical_density | stopword_gradient | function_word_adjacency,lr_models/lr_bur_cld_dtd_fwa_lex_swg_c10ce454.pkl,0.5136,0.419293,0.520142,0.3512,0.788953,0.759757,0.94466,0.635389
Simple_LR_No_Weights,4,dependency_tree_depth | lexical_density | stopword_gradient | function_word_adjacency,lr_models/lr_dtd_fwa_lex_swg_d6a76b32.pkl,0.5084,0.403688,0.512947,0.3328,0.770279,0.7307,0.95069,0.593389
Simple_LR_No_Weights,8,burstiness | dependency_tree_depth | hapax_legomena_ratio | clause_density | verb_gap_deviation | stopword_gradient | content_unique_ratio | function_word_adjacency,lr_models/lr_bur_cld_cur_dtd_fwa_hlr_swg_vgd_1c6a70bb.pkl,0.3978,0.058768,0.134478,0.0376,0.748512,0.735134,0.822571,0.6645
Simple_LR_No_Weights,8,sentence_length_deviation | dependency_tree_depth | hapax_legomena_ratio | clause_density | verb_gap_deviation | stopword_gradient | content_unique_ratio | function_word_adjacency,lr_models/lr_cld_cur_dtd_fwa_hlr_sld_swg_vgd_fc362c40.pkl,0.415,0.056147,0.145242,0.0348,0.747403,0.744789,0.793417,0.701778
Simple_LR_No_Weights,7,sentence_length_deviation | hapax_legomena_ratio | clause_density | verb_gap_deviation | lexical_density | stopword_gradient | function_word_adjacency,lr_models/lr_cld_fwa_hlr_lex_sld_swg_vgd_b612a870.pkl,0.4066,0.049343,0.123994,0.0308,0.746061,0.74833,0.780351,0.718833
Simple_LR_No_Weights,6,sentence_length_deviation | hapax_legomena_ratio | verb_gap_deviation | lexical_density | stopword_gradient | function_word_adjacency,lr_models/lr_fwa_hlr_lex_sld_swg_vgd_5e60b3f3.pkl,0.4058,0.046228,0.117073,0.0288,0.746528,0.748137,0.782366,0.716778
Simple_LR_No_Weights,4,sentence_length_deviation | hapax_legomena_ratio | verb_gap_deviation | function_word_adjacency,lr_models/lr_fwa_hlr_sld_vgd_46896dde.pkl,0.4056,0.043758,0.111842,0.0272,0.746294,0.747363,0.783395,0.7145
Simple_LR_No_Weights,8,sentence_length_deviation | hapax_legomena_ratio | clause_density | verb_gap_deviation | lexical_density | stopword_gradient | content_unique_ratio | function_word_adjacency,lr_models/lr_cld_cur_fwa_hlr_lex_sld_swg_vgd_a5f8d718.pkl,0.4044,0.043674,0.110749,0.0272,0.749212,0.751021,0.784638,0.720167
Simple_LR_No_Weights,7,sentence_length_deviation | hapax_legomena_ratio | verb_gap_deviation | lexical_density | stopword_gradient | content_unique_ratio | function_word_adjacency,lr_models/lr_cur_fwa_hlr_lex_sld_swg_vgd_afa105fa.pkl,0.404,0.043031,0.109121,0.0268,0.749621,0.750994,0.7861,0.718889
Simple_LR_No_Weights,7,sentence_length_deviation | hapax_legomena_ratio | clause_density | verb_gap_deviation | lexical_density | content_unique_ratio | function_word_adjacency,lr_models/lr_cld_cur_fwa_hlr_lex_sld_vgd_32fc2be3.pkl,0.4064,0.040724,0.106061,0.0252,0.747374,0.748504,0.784366,0.715778
Simple_LR_No_Weights,6,sentence_length_deviation | hapax_legomena_ratio | verb_gap_deviation | lexical_density | content_unique_ratio | function_word_adjacency,lr_models/lr_cur_fwa_hlr_lex_sld_vgd_2efce22b.pkl,0.4062,0.040711,0.105882,0.0252,0.748541,0.748907,0.787404,0.714
Simple_LR_No_Weights,5,sentence_length_deviation | hapax_legomena_ratio | verb_gap_deviation | stopword_gradient | function_word_adjacency,lr_models/lr_fwa_hlr_sld_swg_vgd_67ab3d90.pkl,0.404,0.039948,0.102649,0.0248,0.750729,0.752842,0.785451,0.722833
Simple_LR_No_Weights,6,sentence_length_deviation | hapax_legomena_ratio | clause_density | verb_gap_deviation | stopword_gradient | function_word_adjacency,lr_models/lr_cld_fwa_hlr_sld_swg_vgd_dc770355.pkl,0.404,0.039948,0.102649,0.0248,0.750525,0.75269,0.785119,0.722833
Simple_LR_No_Weights,7,burstiness | hapax_legomena_ratio | clause_density | verb_gap_deviation | lexical_density | stopword_gradient | function_word_adjacency,lr_models/lr_bur_cld_fwa_hlr_lex_swg_vgd_cee6c9cf.pkl,0.383,0.039838,0.089762,0.0256,0.752714,0.747339,0.806408,0.696333
Simple_LR_No_Weights,6,burstiness | hapax_legomena_ratio | verb_gap_deviation | lexical_density | stopword_gradient | function_word_adjacency,lr_models/lr_bur_fwa_hlr_lex_swg_vgd_2a2a73ba.pkl,0.3848,0.038149,0.087393,0.0244,0.74609,0.746283,0.78525,0.711
Simple_LR_No_Weights,5,sentence_length_deviation | hapax_legomena_ratio | verb_gap_deviation | content_unique_ratio | function_word_adjacency,lr_models/lr_cur_fwa_hlr_sld_vgd_50e9fed1.pkl,0.406,0.036965,0.097603,0.0228,0.750759,0.75102,0.78998,0.715722
Simple_LR_No_Weights,6,sentence_length_deviation | hapax_legomena_ratio | clause_density | verb_gap_deviation | content_unique_ratio | function_word_adjacency,lr_models/lr_cld_cur_fwa_hlr_sld_vgd_5021326f.pkl,0.406,0.036965,0.097603,0.0228,0.750292,0.751134,0.788077,0.7175
Simple_LR_No_Weights,6,burstiness | hapax_legomena_ratio | clause_density | verb_gap_deviation | stopword_gradient | function_word_adjacency,lr_models/lr_bur_cld_fwa_hlr_swg_vgd_febb07cc.pkl,0.3822,0.036795,0.083451,0.0236,0.753064,0.747802,0.806518,0.697056
Simple_LR_No_Weights,5,burstiness | hapax_legomena_ratio | clause_density | verb_gap_deviation | function_word_adjacency,lr_models/lr_bur_cld_fwa_hlr_vgd_e4f34527.pkl,0.3844,0.036318,0.083573,0.0232,0.750554,0.744768,0.804969,0.692944
Simple_LR_No_Weights,6,burstiness | hapax_legomena_ratio | clause_density | verb_gap_deviation | lexical_density | function_word_adjacency,lr_models/lr_bur_cld_fwa_hlr_lex_vgd_ae3200f5.pkl,0.3838,0.036284,0.083214,0.0232,0.750963,0.745171,0.805461,0.693278
Simple_LR_No_Weights,7,burstiness | hapax_legomena_ratio | clause_density | verb_gap_deviation | stopword_gradient | content_unique_ratio | function_word_adjacency,lr_models/lr_bur_cld_cur_fwa_hlr_swg_vgd_1d9be9e1.pkl,0.38,0.034869,0.078652,0.0224,0.758608,0.752609,0.814973,0.699111
Simple_LR_No_Weights,6,sentence_length_deviation | hapax_legomena_ratio | verb_gap_deviation | stopword_gradient | content_unique_ratio | function_word_adjacency,lr_models/lr_cur_fwa_hlr_sld_swg_vgd_9d56c81e.pkl,0.4028,0.034282,0.089527,0.0212,0.755281,0.756595,0.792064,0.724167
Simple_LR_No_Weights,5,burstiness | hapax_legomena_ratio | verb_gap_deviation | stopword_gradient | function_word_adjacency,lr_models/lr_bur_fwa_hlr_swg_vgd_f228faa5.pkl,0.384,0.033877,0.078488,0.0216,0.748337,0.748638,0.787348,0.713556
Simple_LR_No_Weights,6,burstiness | hapax_legomena_ratio | clause_density | verb_gap_deviation | content_unique_ratio | function_word_adjacency,lr_models/lr_bur_cld_cur_fwa_hlr_vgd_4499f5bb.pkl,0.3818,0.033761,0.077253,0.0216,0.754989,0.748751,0.811361,0.695111
Simple_LR_No_Weights,7,sentence_length_deviation | hapax_legomena_ratio | clause_density | verb_gap_deviation | stopword_gradient | content_unique_ratio | function_word_adjacency,lr_models/lr_cld_cur_fwa_hlr_sld_swg_vgd_99a34ba3.pkl,0.403,0.033668,0.088285,0.0208,0.755427,0.756959,0.791667,0.725167
Simple_LR_No_Weights,8,burstiness | hapax_legomena_ratio | clause_density | verb_gap_deviation | lexical_density | stopword_gradient | content_unique_ratio | function_word_adjacency,lr_models/lr_bur_cld_cur_fwa_hlr_lex_swg_vgd_c55afde8.pkl,0.38,0.033666,0.076271,0.0216,0.758695,0.752706,0.81505,0.699222
Simple_LR_No_Weights,7,sentence_length_deviation | hapax_legomena_ratio | clause_density | lexical_density | stopword_gradient | content_unique_ratio | function_word_adjacency,lr_models/lr_cld_cur_fwa_hlr_lex_sld_swg_709a81dc.pkl,0.3978,0.033387,0.084553,0.0208,0.747199,0.743562,0.795705,0.697833
Simple_LR_No_Weights,6,sentence_length_deviation | hapax_legomena_ratio | lexical_density | stopword_gradient | content_unique_ratio | function_word_adjacency,lr_models/lr_cur_fwa_hlr_lex_sld_swg_e0696278.pkl,0.3974,0.032745,0.082927,0.0204,0.746528,0.739871,0.802468,0.686333
Simple_LR_No_Weights,5,burstiness | hapax_legomena_ratio | verb_gap_deviation | content_unique_ratio | function_word_adjacency,lr_models/lr_bur_cur_fwa_hlr_vgd_4d176c77.pkl,0.3816,0.031935,0.073487,0.0204,0.7507,0.749883,0.792574,0.711556
Simple_LR_No_Weights,7,burstiness | hapax_legomena_ratio | clause_density | verb_gap_deviation | lexical_density | content_unique_ratio | function_word_adjacency,lr_models/lr_bur_cld_cur_fwa_hlr_lex_vgd_95172b1b.pkl,0.3804,0.03127,0.071633,0.02,0.756419,0.750389,0.812484,0.697111
Simple_LR_No_Weights,6,sentence_length_deviation | hapax_legomena_ratio | clause_density | stopword_gradient | content_unique_ratio | function_word_adjacency,lr_models/lr_cld_cur_fwa_hlr_sld_swg_959f26d0.pkl,0.3974,0.030878,0.078818,0.0192,0.749387,0.74591,0.79776,0.700389
Simple_LR_No_Weights,5,sentence_length_deviation | hapax_legomena_ratio | stopword_gradient | content_unique_ratio | function_word_adjacency,lr_models/lr_cur_fwa_hlr_sld_swg_9f7ac381.pkl,0.3964,0.030829,0.078176,0.0192,0.747141,0.74057,0.802973,0.687167
Simple_LR_No_Weights,7,burstiness | hapax_legomena_ratio | verb_gap_deviation | lexical_density | stopword_gradient | content_unique_ratio | function_word_adjacency,lr_models/lr_bur_cur_fwa_hlr_lex_swg_vgd_af2a6394.pkl,0.3784,0.02875,0.065714,0.0184,0.753706,0.753511,0.794214,0.716778
Simple_LR_No_Weights,6,burstiness | hapax_legomena_ratio | verb_gap_deviation | lexical_density | content_unique_ratio | function_word_adjacency,lr_models/lr_bur_cur_fwa_hlr_lex_vgd_51331b7b.pkl,0.3808,0.028249,0.065598,0.018,0.751634,0.750805,0.793601,0.712389
Simple_LR_No_Weights,6,burstiness | hapax_legomena_ratio | verb_gap_deviation | stopword_gradient | content_unique_ratio | function_word_adjacency,lr_models/lr_bur_cur_fwa_hlr_swg_vgd_6011389f.pkl,0.3788,0.02816,0.064655,0.018,0.753939,0.753788,0.794351,0.717167
Simple_LR_No_Weights,7,burstiness | hapax_legomena_ratio | clause_density | lexical_density | stopword_gradient | content_unique_ratio | function_word_adjacency,lr_models/lr_bur_cld_cur_fwa_hlr_lex_swg_b76f7f23.pkl,0.3682,0.022284,0.049248,0.0144,0.749796,0.732006,0.836679,0.650611
Simple_LR_No_Weights,6,burstiness | hapax_legomena_ratio | lexical_density | stopword_gradient | content_unique_ratio | function_word_adjacency,lr_models/lr_bur_cur_fwa_hlr_lex_swg_ab0371d2.pkl,0.3692,0.021712,0.048343,0.014,0.750321,0.737169,0.824346,0.666667
Simple_LR_No_Weights,6,burstiness | hapax_legomena_ratio | clause_density | lexical_density | content_unique_ratio | function_word_adjacency,lr_models/lr_bur_cld_cur_fwa_hlr_lex_6dbd5257.pkl,0.3664,0.016149,0.036111,0.0104,0.749737,0.730935,0.839519,0.647222
Simple_LR_No_Weights,5,burstiness | hapax_legomena_ratio | lexical_density | content_unique_ratio | function_word_adjacency,lr_models/lr_bur_cur_fwa_hlr_lex_43a30d18.pkl,0.3658,0.016134,0.035961,0.0104,0.749679,0.735339,0.826778,0.662111
